{
  "rmse_train": 0.13114810579468447,
  "mae_train": 0.11096111062382326,
  "r2_train": 0.7740282858684233,
  "rmse_test": 0.2065890485496505,
  "mae_test": 0.16773895139646125,
  "r2_test": 0.34984103679468304
}